{"stats":{"minecraft:dropped":{"minecraft:iron_nugget":4,"minecraft:cooked_porkchop":3,"minecraft:rotten_flesh":3,"minecraft:book":1,"minecraft:leather":2,"minecraft:stone_slab":1,"minecraft:spruce_fence":1,"minecraft:potato":2,"minecraft:wooden_axe":1,"minecraft:gold_nugget":1,"minecraft:wooden_pickaxe":2,"minecraft:dandelion":1,"minecraft:bone":2},"minecraft:killed":{"minecraft:pig":4,"minecraft:zombie_villager":2,"minecraft:salmon":1,"minecraft:spider":1,"minecraft:frog":1,"minecraft:cod":1,"minecraft:slime":1,"minecraft:zombie":2},"minecraft:used":{"minecraft:stone_sword":4,"minecraft:birch_planks":3,"minecraft:stone_pickaxe":122,"minecraft:wooden_pickaxe":5,"minecraft:iron_sword":13,"minecraft:torch":8,"minecraft:crafting_table":4,"minecraft:red_bed":1,"alexscaves:limestone":2,"minecraft:apple":11,"minecraft:bread":12,"minecraft:iron_pickaxe":114,"alexscaves:cycad":3,"minecraft:stone_axe":29,"minecraft:cobblestone":18,"minecraft:furnace":1,"minecraft:cobbled_deepslate":1},"minecraft:mined":{"alexscaves:flood_basalt":4,"alexscaves:primal_magma":17,"alexscaves:amber":73,"minecraft:red_bed":1,"alexscaves:limestone":28,"minecraft:torch":2,"minecraft:crafting_table":3,"minecraft:spruce_fence":1,"minecraft:chest":1,"minecraft:stone_slab":1,"minecraft:tall_grass":1,"minecraft:cobblestone":7,"minecraft:moss_block":1,"minecraft:wall_torch":3,"minecraft:large_fern":1,"minecraft:birch_log":9,"minecraft:iron_ore":56,"minecraft:cobbled_deepslate":3,"minecraft:grass":3,"minecraft:coal_ore":21,"alexscaves:cycad":6,"alexscaves:ambersol":2,"minecraft:packed_ice":1,"minecraft:cobweb":4,"minecraft:smooth_basalt":1,"minecraft:stone":21,"alexscaves:limestone_pillar":1,"minecraft:deepslate":4},"minecraft:crafted":{"sophisticatedbackpacks:backpack":1,"minecraft:crafting_table":1,"minecraft:wooden_pickaxe":1,"minecraft:iron_helmet":1,"minecraft:iron_sword":1,"minecraft:furnace":1,"minecraft:birch_planks":24,"minecraft:stone_axe":1,"minecraft:air":0,"minecraft:iron_chestplate":1,"minecraft:iron_boots":1,"minecraft:iron_axe":1,"minecraft:stick":20,"minecraft:iron_ingot":37,"minecraft:iron_pickaxe":1,"minecraft:stone_pickaxe":1,"minecraft:wooden_axe":1,"minecraft:stone_sword":1,"minecraft:iron_leggings":1,"minecraft:torch":16},"minecraft:custom":{"minecraft:interact_with_furnace":9,"minecraft:mob_kills":13,"minecraft:interact_with_crafting_table":12,"minecraft:open_barrel":15,"minecraft:interact_with_campfire":6,"minecraft:eat_cake_slice":1,"minecraft:leave_game":3,"minecraft:time_since_death":45937,"minecraft:sleep_in_bed":1,"minecraft:climb_one_cm":2712,"minecraft:time_since_rest":31271,"minecraft:sprint_one_cm":203984,"minecraft:damage_taken":680,"minecraft:walk_one_cm":125222,"minecraft:drop":16,"minecraft:damage_dealt":1415,"minecraft:fly_one_cm":206269,"minecraft:open_chest":10,"minecraft:crouch_one_cm":210,"minecraft:play_time":45937,"minecraft:sneak_time":241,"minecraft:walk_under_water_one_cm":70,"minecraft:jump":1024,"minecraft:walk_on_water_one_cm":2281,"minecraft:total_world_time":45937,"minecraft:fall_one_cm":37929},"minecraft:picked_up":{"minecraft:birch_log":9,"minecraft:crafting_table":3,"minecraft:leather":2,"minecraft:stone_slab":1,"minecraft:wooden_pickaxe":1,"minecraft:potato":2,"alexscaves:limestone":25,"alexscaves:flood_basalt":2,"alexscaves:ambersol":2,"minecraft:string":4,"minecraft:red_bed":1,"alexscaves:amber":72,"minecraft:bone":2,"minecraft:gold_nugget":1,"minecraft:cobbled_deepslate":7,"minecraft:chest":1,"alexscaves:flytrap":1,"minecraft:book":1,"minecraft:raw_iron":55,"minecraft:smooth_basalt":1,"minecraft:cooked_porkchop":6,"alexscaves:cycad":6,"alexscaves:amber_curiosity":1,"alexscaves:tree_star":4,"minecraft:torch":5,"minecraft:dandelion":1,"minecraft:spruce_fence":1,"minecraft:porkchop":6,"minecraft:spider_eye":1,"minecraft:rotten_flesh":6,"minecraft:coal":32,"minecraft:cobblestone":28,"alexscaves:ancient_sapling":4}},"DataVersion":3465}