{"stats":{"minecraft:dropped":{"minecraft:iron_nugget":4,"minecraft:rotten_flesh":3,"minecraft:book":1,"minecraft:leather":2,"minecraft:stone_slab":1,"minecraft:spruce_fence":1,"minecraft:potato":2,"minecraft:wooden_axe":1,"minecraft:gold_nugget":1,"minecraft:wooden_pickaxe":2,"minecraft:dandelion":1,"minecraft:bone":2},"minecraft:killed":{"minecraft:pig":4,"minecraft:zombie_villager":2,"minecraft:salmon":1,"minecraft:cod":1,"minecraft:slime":1},"minecraft:used":{"minecraft:stone_sword":4,"minecraft:birch_planks":3,"minecraft:stone_pickaxe":96,"minecraft:wooden_pickaxe":5,"minecraft:torch":3,"minecraft:crafting_table":4,"minecraft:red_bed":1,"minecraft:apple":11,"minecraft:bread":2,"minecraft:stone_axe":23,"minecraft:furnace":1},"minecraft:mined":{"minecraft:red_bed":1,"minecraft:crafting_table":3,"minecraft:spruce_fence":1,"minecraft:chest":1,"minecraft:stone_slab":1,"minecraft:tall_grass":1,"minecraft:cobblestone":1,"minecraft:moss_block":1,"minecraft:wall_torch":1,"minecraft:birch_log":9,"minecraft:iron_ore":50,"minecraft:cobbled_deepslate":3,"minecraft:grass":3,"minecraft:coal_ore":21,"minecraft:packed_ice":1,"minecraft:cobweb":4,"minecraft:stone":21,"minecraft:deepslate":3},"minecraft:crafted":{"sophisticatedbackpacks:backpack":1,"minecraft:crafting_table":1,"minecraft:wooden_pickaxe":1,"minecraft:iron_helmet":1,"minecraft:iron_sword":1,"minecraft:furnace":1,"minecraft:birch_planks":24,"minecraft:stone_axe":1,"minecraft:air":0,"minecraft:iron_chestplate":1,"minecraft:iron_boots":1,"minecraft:iron_axe":1,"minecraft:stick":20,"minecraft:iron_ingot":37,"minecraft:iron_pickaxe":1,"minecraft:stone_pickaxe":1,"minecraft:wooden_axe":1,"minecraft:stone_sword":1,"minecraft:iron_leggings":1,"minecraft:torch":16},"minecraft:custom":{"minecraft:interact_with_furnace":9,"minecraft:mob_kills":9,"minecraft:interact_with_crafting_table":12,"minecraft:open_barrel":15,"minecraft:interact_with_campfire":6,"minecraft:eat_cake_slice":1,"minecraft:leave_game":2,"minecraft:time_since_death":32642,"minecraft:sleep_in_bed":1,"minecraft:climb_one_cm":2482,"minecraft:time_since_rest":17976,"minecraft:sprint_one_cm":90014,"minecraft:damage_taken":397,"minecraft:walk_one_cm":85870,"minecraft:drop":15,"minecraft:damage_dealt":745,"minecraft:fly_one_cm":78456,"minecraft:open_chest":10,"minecraft:crouch_one_cm":210,"minecraft:play_time":32642,"minecraft:sneak_time":241,"minecraft:walk_under_water_one_cm":70,"minecraft:jump":470,"minecraft:walk_on_water_one_cm":1624,"minecraft:total_world_time":32642,"minecraft:fall_one_cm":13490},"minecraft:picked_up":{"minecraft:birch_log":9,"minecraft:crafting_table":3,"minecraft:leather":2,"minecraft:stone_slab":1,"minecraft:wooden_pickaxe":1,"minecraft:potato":2,"minecraft:string":4,"minecraft:red_bed":1,"minecraft:bone":2,"minecraft:gold_nugget":1,"minecraft:cobbled_deepslate":6,"minecraft:chest":1,"minecraft:book":1,"minecraft:raw_iron":50,"minecraft:cooked_porkchop":6,"minecraft:torch":1,"minecraft:dandelion":1,"minecraft:spruce_fence":1,"minecraft:porkchop":6,"minecraft:rotten_flesh":3,"minecraft:coal":32,"minecraft:cobblestone":22}},"DataVersion":3465}