{"stats":{"minecraft:dropped":{"minecraft:iron_nugget":4,"minecraft:cooked_porkchop":4,"minecraft:rotten_flesh":3,"minecraft:book":1,"minecraft:leather":2,"minecraft:stone_slab":1,"minecraft:spruce_fence":1,"minecraft:potato":2,"minecraft:wooden_axe":1,"minecraft:gold_nugget":1,"minecraft:wooden_pickaxe":2,"minecraft:dandelion":1,"minecraft:bone":2},"minecraft:killed":{"minecraft:pig":4,"minecraft:zombie_villager":4,"minecraft:salmon":1,"minecraft:spider":1,"alexsmobs:murmur":2,"minecraft:frog":1,"minecraft:cod":1,"minecraft:slime":1,"minecraft:zombie":2,"alexscaves:vallumraptor":1},"minecraft:used":{"minecraft:stone_sword":4,"minecraft:birch_planks":3,"minecraft:stone_pickaxe":122,"minecraft:wooden_pickaxe":5,"minecraft:iron_sword":41,"minecraft:torch":11,"minecraft:red_bed":1,"minecraft:crafting_table":4,"alexscaves:limestone":32,"minecraft:apple":11,"minecraft:iron_axe":4,"minecraft:bread":12,"minecraft:iron_pickaxe":139,"minecraft:stone_axe":29,"alexscaves:cycad":3,"minecraft:cobblestone":18,"minecraft:furnace":1,"minecraft:cooked_porkchop":3,"alexsmobs:animal_dictionary":2,"minecraft:cobbled_deepslate":1},"minecraft:mined":{"alexscaves:flood_basalt":4,"alexscaves:primal_magma":17,"alexscaves:amber":73,"minecraft:deepslate_diamond_ore":3,"minecraft:red_bed":1,"alexscaves:limestone":38,"minecraft:crafting_table":3,"minecraft:torch":2,"minecraft:spruce_fence":1,"minecraft:chest":1,"minecraft:stone_slab":1,"minecraft:tall_grass":1,"minecraft:cobblestone":7,"minecraft:oak_planks":1,"minecraft:moss_block":2,"minecraft:wall_torch":3,"minecraft:large_fern":1,"minecraft:iron_ore":56,"minecraft:birch_log":9,"minecraft:cobbled_deepslate":3,"minecraft:grass":4,"minecraft:coal_ore":21,"minecraft:deepslate_iron_ore":9,"alexscaves:cycad":6,"alexscaves:ambersol":2,"minecraft:stripped_oak_log":3,"minecraft:packed_ice":1,"minecraft:cobweb":4,"minecraft:smooth_basalt":1,"minecraft:stone":21,"alexscaves:limestone_pillar":1,"minecraft:deepslate":7},"minecraft:crafted":{"sophisticatedbackpacks:backpack":1,"minecraft:crafting_table":1,"minecraft:iron_helmet":1,"minecraft:wooden_pickaxe":1,"minecraft:iron_sword":1,"minecraft:furnace":1,"minecraft:birch_planks":24,"minecraft:stone_axe":1,"minecraft:air":0,"minecraft:iron_boots":1,"minecraft:iron_chestplate":1,"minecraft:iron_axe":1,"minecraft:stick":20,"minecraft:iron_ingot":37,"minecraft:iron_pickaxe":1,"minecraft:stone_pickaxe":1,"minecraft:wooden_axe":1,"minecraft:stone_sword":1,"minecraft:iron_leggings":1,"minecraft:torch":16},"minecraft:custom":{"minecraft:interact_with_furnace":10,"minecraft:mob_kills":18,"minecraft:interact_with_crafting_table":13,"minecraft:open_barrel":15,"minecraft:interact_with_campfire":6,"minecraft:eat_cake_slice":1,"minecraft:leave_game":3,"minecraft:time_since_death":53415,"minecraft:sleep_in_bed":1,"minecraft:climb_one_cm":2712,"minecraft:time_since_rest":38749,"minecraft:sprint_one_cm":240753,"minecraft:damage_taken":894,"minecraft:walk_one_cm":148002,"minecraft:drop":17,"minecraft:damage_dealt":2778,"minecraft:fly_one_cm":249692,"minecraft:open_chest":10,"minecraft:crouch_one_cm":682,"minecraft:play_time":53415,"minecraft:sneak_time":368,"minecraft:walk_under_water_one_cm":70,"minecraft:jump":1271,"minecraft:walk_on_water_one_cm":2281,"minecraft:total_world_time":53415,"minecraft:fall_one_cm":45081},"minecraft:picked_up":{"minecraft:stripped_oak_log":3,"minecraft:birch_log":9,"minecraft:crafting_table":3,"minecraft:leather":2,"minecraft:stone_slab":1,"minecraft:wooden_pickaxe":1,"minecraft:potato":2,"alexscaves:limestone":33,"alexscaves:flood_basalt":2,"alexscaves:ambersol":2,"minecraft:red_bed":1,"minecraft:string":4,"alexscaves:amber":72,"alexsmobs:unsettling_kimono":1,"minecraft:bone":2,"minecraft:gold_nugget":1,"minecraft:cobbled_deepslate":10,"alexsmobs:elastic_tendon":2,"minecraft:moss_block":1,"minecraft:chest":1,"minecraft:oak_planks":1,"alexscaves:flytrap":1,"minecraft:book":1,"minecraft:raw_iron":64,"minecraft:smooth_basalt":1,"minecraft:cooked_porkchop":7,"alexscaves:cycad":6,"minecraft:torch":5,"minecraft:dandelion":1,"alexscaves:amber_curiosity":1,"minecraft:spruce_fence":1,"alexscaves:tree_star":4,"minecraft:porkchop":6,"minecraft:spider_eye":1,"minecraft:rotten_flesh":9,"minecraft:diamond":3,"minecraft:coal":32,"minecraft:cobblestone":28,"alexscaves:ancient_sapling":4}},"DataVersion":3465}