{"stats":{"minecraft:mined":{"minecraft:birch_log":9,"minecraft:spruce_fence":1,"minecraft:moss_block":1},"minecraft:crafted":{"minecraft:birch_planks":24,"minecraft:stick":4,"minecraft:wooden_pickaxe":1,"minecraft:wooden_axe":1},"minecraft:custom":{"minecraft:jump":58,"minecraft:time_since_rest":4105,"minecraft:sprint_one_cm":6723,"minecraft:play_time":4105,"minecraft:time_since_death":4105,"minecraft:walk_one_cm":10674,"minecraft:total_world_time":4105,"minecraft:interact_with_crafting_table":1,"minecraft:fall_one_cm":209,"minecraft:fly_one_cm":10124,"minecraft:open_barrel":7},"minecraft:picked_up":{"minecraft:bone":2,"minecraft:spruce_fence":1,"minecraft:birch_log":9}},"DataVersion":3465}