{"stats":{"minecraft:dropped":{"minecraft:potato":2,"minecraft:wooden_axe":1,"minecraft:book":1,"minecraft:gold_nugget":1,"minecraft:wooden_pickaxe":2,"minecraft:spruce_fence":1,"minecraft:dandelion":1},"minecraft:killed":{"minecraft:pig":4,"minecraft:zombie_villager":2,"minecraft:salmon":1,"minecraft:cod":1},"minecraft:used":{"minecraft:apple":6,"minecraft:stone_pickaxe":11,"minecraft:wooden_pickaxe":5,"minecraft:stone_axe":17,"minecraft:red_bed":1},"minecraft:mined":{"minecraft:red_bed":1,"minecraft:birch_log":9,"minecraft:cobbled_deepslate":3,"minecraft:grass":3,"minecraft:spruce_fence":1,"minecraft:coal_ore":1,"minecraft:chest":1,"minecraft:stone_slab":1,"minecraft:tall_grass":1,"minecraft:stone":8,"minecraft:moss_block":1,"minecraft:deepslate":3},"minecraft:crafted":{"minecraft:stick":8,"minecraft:wooden_pickaxe":1,"minecraft:stone_pickaxe":1,"minecraft:wooden_axe":1,"minecraft:birch_planks":24,"minecraft:stone_axe":1},"minecraft:custom":{"minecraft:time_since_rest":5976,"minecraft:interact_with_furnace":1,"minecraft:sprint_one_cm":44226,"minecraft:damage_taken":285,"minecraft:walk_one_cm":56977,"minecraft:mob_kills":8,"minecraft:drop":9,"minecraft:damage_dealt":585,"minecraft:interact_with_crafting_table":3,"minecraft:fly_one_cm":46671,"minecraft:open_barrel":15,"minecraft:open_chest":8,"minecraft:play_time":20642,"minecraft:interact_with_campfire":6,"minecraft:sneak_time":46,"minecraft:jump":269,"minecraft:eat_cake_slice":1,"minecraft:leave_game":2,"minecraft:time_since_death":20642,"minecraft:walk_on_water_one_cm":754,"minecraft:sleep_in_bed":1,"minecraft:total_world_time":20642,"minecraft:climb_one_cm":2350,"minecraft:fall_one_cm":6426},"minecraft:picked_up":{"minecraft:book":1,"minecraft:birch_log":9,"minecraft:cooked_porkchop":6,"minecraft:stone_slab":1,"minecraft:wooden_pickaxe":1,"minecraft:dandelion":1,"minecraft:potato":2,"minecraft:spruce_fence":1,"minecraft:porkchop":6,"minecraft:red_bed":1,"minecraft:bone":2,"minecraft:rotten_flesh":3,"minecraft:gold_nugget":1,"minecraft:cobbled_deepslate":6,"minecraft:chest":1,"minecraft:coal":1,"minecraft:cobblestone":8}},"DataVersion":3465}