{"stats":{"minecraft:killed":{"minecraft:zombie_villager":1},"minecraft:picked_up":{"minecraft:rotten_flesh":1,"minecraft:dirt":2},"minecraft:custom":{"minecraft:open_barrel":2,"minecraft:time_since_rest":54367,"minecraft:sprint_one_cm":32054,"minecraft:play_time":54367,"minecraft:damage_taken":110,"minecraft:walk_one_cm":42843,"minecraft:sneak_time":64,"minecraft:walk_under_water_one_cm":1218,"minecraft:mob_kills":1,"minecraft:jump":156,"minecraft:damage_dealt":98,"minecraft:leave_game":4,"minecraft:walk_on_water_one_cm":1084,"minecraft:time_since_death":54367,"minecraft:climb_one_cm":755,"minecraft:total_world_time":54367,"minecraft:fall_one_cm":5629,"minecraft:fly_one_cm":52181},"minecraft:mined":{"minecraft:grass_block":2},"minecraft:used":{"minecraft:torch":1,"minecraft:dirt":3,"minecraft:grass_block":1,"alexsmobs:animal_dictionary":1,"minecraft:stone":12,"minecraft:soul_torch":1,"create:large_cogwheel":3,"create:creative_motor":1}},"DataVersion":3465}