{"stats":{"minecraft:used":{"alexsmobs:animal_dictionary":1},"minecraft:picked_up":{"minecraft:dirt":1},"minecraft:mined":{"minecraft:grass_block":1},"minecraft:custom":{"minecraft:open_barrel":2,"minecraft:time_since_rest":25572,"minecraft:leave_game":2,"minecraft:play_time":25572,"minecraft:sprint_one_cm":25787,"minecraft:damage_taken":110,"minecraft:time_since_death":25572,"minecraft:walk_one_cm":27123,"minecraft:sneak_time":43,"minecraft:total_world_time":25572,"minecraft:fall_one_cm":5420,"minecraft:fly_one_cm":38823,"minecraft:jump":99}},"DataVersion":3465}