{"stats":{"minecraft:dropped":{"minecraft:sweet_berries":1,"minecraft:wheat_seeds":2,"minecraft:glass_bottle":1,"minecraft:birch_sapling":3,"minecraft:spruce_door":1,"minecraft:spruce_fence":1,"minecraft:wooden_axe":1,"minecraft:wooden_pickaxe":3},"minecraft:killed":{"minecraft:zombie_villager":1},"minecraft:used":{"minecraft:moss_block":1,"minecraft:water_bucket":14,"minecraft:spruce_door":2,"minecraft:birch_planks":5,"minecraft:stone_shovel":9,"minecraft:stone_pickaxe":91,"minecraft:spruce_planks":79,"minecraft:wooden_pickaxe":3,"minecraft:stone":12,"minecraft:cooked_salmon":2,"minecraft:torch":5,"minecraft:dirt":4,"minecraft:crafting_table":3,"minecraft:spruce_stairs":53,"minecraft:cod_bucket":1,"minecraft:salmon_bucket":1,"minecraft:grass_block":1,"create:creative_motor":1,"minecraft:stone_axe":84,"alexscaves:cycad":1,"minecraft:basalt":1,"minecraft:sweet_berries":31,"minecraft:cooked_porkchop":2,"minecraft:furnace":3,"minecraft:cooked_cod":4,"minecraft:birch_log":60,"minecraft:bucket":15,"alexsmobs:animal_dictionary":1,"minecraft:cobbled_deepslate":2,"minecraft:soul_torch":1,"create:large_cogwheel":3},"minecraft:mined":{"alexscaves:flood_basalt":1,"minecraft:spruce_planks":5,"alexscaves:primal_magma":2,"minecraft:basalt":1,"minecraft:cornflower":1,"minecraft:crafting_table":1,"minecraft:glow_lichen":2,"minecraft:grass_block":12,"minecraft:tall_grass":3,"minecraft:moss_block":1,"minecraft:sugar_cane":4,"minecraft:birch_sapling":2,"minecraft:large_fern":1,"minecraft:spruce_stairs":5,"minecraft:birch_planks":5,"minecraft:furnace":2,"minecraft:birch_log":49,"minecraft:iron_ore":2,"minecraft:sweet_berry_bush":12,"minecraft:spruce_log":19,"minecraft:birch_leaves":6,"minecraft:grass":9,"minecraft:coal_ore":30,"minecraft:vine":2,"alexscaves:cycad":1,"minecraft:stone":38,"minecraft:fern":1,"minecraft:deepslate":13},"minecraft:crafted":{"minecraft:cooked_cod":4,"minecraft:stone_shovel":1,"minecraft:crafting_table":2,"minecraft:spruce_planks":156,"minecraft:wooden_pickaxe":1,"minecraft:spruce_door":3,"minecraft:furnace":1,"minecraft:cooked_salmon":2,"minecraft:birch_planks":20,"minecraft:stone_axe":1,"minecraft:air":0,"minecraft:spruce_stairs":48,"minecraft:iron_ingot":2,"minecraft:stone_pickaxe":1,"minecraft:torch":4},"minecraft:custom":{"minecraft:interact_with_furnace":16,"minecraft:mob_kills":1,"minecraft:interact_with_crafting_table":18,"minecraft:open_barrel":7,"minecraft:leave_game":5,"minecraft:time_since_death":111159,"minecraft:sleep_in_bed":3,"minecraft:climb_one_cm":1473,"minecraft:time_since_rest":37088,"minecraft:sprint_one_cm":144484,"minecraft:damage_taken":804,"minecraft:walk_one_cm":336230,"minecraft:drop":11,"minecraft:damage_dealt":284,"minecraft:swim_one_cm":6698,"minecraft:fly_one_cm":520795,"minecraft:open_chest":1,"minecraft:crouch_one_cm":7930,"minecraft:play_time":111159,"minecraft:sneak_time":2183,"minecraft:walk_under_water_one_cm":3620,"minecraft:jump":1434,"minecraft:walk_on_water_one_cm":22106,"minecraft:total_world_time":111159,"minecraft:fall_one_cm":46504},"minecraft:picked_up":{"minecraft:wooden_axe":1,"minecraft:birch_log":77,"alexscaves:primal_magma":5,"minecraft:crafting_table":1,"minecraft:air":0,"minecraft:basalt":1,"minecraft:salmon":1,"minecraft:wooden_pickaxe":2,"minecraft:birch_planks":13,"alexscaves:flood_basalt":1,"minecraft:cornflower":1,"minecraft:dirt":12,"minecraft:wheat_seeds":8,"minecraft:cobbled_deepslate":13,"minecraft:spruce_planks":5,"alexscaves:curly_fern":1,"minecraft:glass_bottle":1,"minecraft:moss_block":1,"minecraft:sugar_cane":6,"minecraft:birch_sapling":13,"minecraft:furnace":2,"minecraft:stick":8,"minecraft:raw_iron":2,"minecraft:cooked_porkchop":3,"minecraft:sweet_berries":29,"alexscaves:cycad":1,"minecraft:spruce_stairs":5,"minecraft:spruce_fence":1,"minecraft:spruce_sapling":4,"minecraft:spruce_log":39,"minecraft:rotten_flesh":1,"minecraft:cod":1,"minecraft:coal":58,"minecraft:cobblestone":36,"alexscaves:ancient_sapling":1}},"DataVersion":3465}