{"stats":{"minecraft:killed":{"minecraft:zombie_villager":1},"minecraft:picked_up":{"minecraft:rotten_flesh":1,"minecraft:dirt":2},"minecraft:custom":{"minecraft:open_barrel":2,"minecraft:time_since_rest":34600,"minecraft:sprint_one_cm":30805,"minecraft:play_time":34600,"minecraft:damage_taken":110,"minecraft:walk_one_cm":41333,"minecraft:sneak_time":60,"minecraft:walk_under_water_one_cm":1218,"minecraft:mob_kills":1,"minecraft:jump":140,"minecraft:damage_dealt":98,"minecraft:leave_game":2,"minecraft:time_since_death":34600,"minecraft:walk_on_water_one_cm":1084,"minecraft:total_world_time":34600,"minecraft:fall_one_cm":5629,"minecraft:fly_one_cm":47942},"minecraft:mined":{"minecraft:grass_block":2},"minecraft:used":{"minecraft:torch":1,"minecraft:dirt":3,"minecraft:grass_block":1,"alexsmobs:animal_dictionary":1,"minecraft:stone":12,"minecraft:soul_torch":1}},"DataVersion":3465}