{"stats":{"minecraft:dropped":{"minecraft:wheat_seeds":2,"minecraft:glass_bottle":1,"minecraft:birch_sapling":3,"minecraft:spruce_fence":1,"minecraft:wooden_axe":1,"minecraft:wooden_pickaxe":3},"minecraft:killed":{"minecraft:zombie_villager":1},"minecraft:used":{"minecraft:stone_pickaxe":64,"minecraft:wooden_pickaxe":3,"minecraft:stone":12,"minecraft:torch":5,"minecraft:dirt":4,"minecraft:crafting_table":1,"minecraft:cod_bucket":1,"minecraft:salmon_bucket":1,"minecraft:grass_block":1,"create:creative_motor":1,"minecraft:basalt":1,"minecraft:furnace":1,"minecraft:cooked_cod":4,"minecraft:bucket":2,"alexsmobs:animal_dictionary":1,"minecraft:cobbled_deepslate":2,"minecraft:soul_torch":1,"create:large_cogwheel":3},"minecraft:mined":{"minecraft:basalt":1,"minecraft:crafting_table":1,"minecraft:glow_lichen":2,"minecraft:grass_block":4,"minecraft:tall_grass":1,"minecraft:sugar_cane":4,"minecraft:large_fern":1,"minecraft:furnace":1,"minecraft:birch_log":8,"minecraft:iron_ore":2,"minecraft:sweet_berry_bush":11,"minecraft:birch_leaves":4,"minecraft:grass":3,"minecraft:coal_ore":30,"minecraft:vine":1,"minecraft:stone":17,"minecraft:deepslate":13},"minecraft:crafted":{"minecraft:cooked_cod":4,"minecraft:crafting_table":1,"minecraft:wooden_pickaxe":1,"minecraft:furnace":1,"minecraft:cooked_salmon":2,"minecraft:birch_planks":20,"minecraft:air":0,"minecraft:stone_pickaxe":1,"minecraft:torch":4},"minecraft:custom":{"minecraft:interact_with_furnace":12,"minecraft:mob_kills":1,"minecraft:interact_with_crafting_table":9,"minecraft:open_barrel":7,"minecraft:leave_game":5,"minecraft:time_since_death":81159,"minecraft:sleep_in_bed":3,"minecraft:climb_one_cm":1473,"minecraft:time_since_rest":7088,"minecraft:sprint_one_cm":56733,"minecraft:damage_taken":267,"minecraft:walk_one_cm":175737,"minecraft:drop":9,"minecraft:damage_dealt":158,"minecraft:fly_one_cm":103532,"minecraft:open_chest":1,"minecraft:crouch_one_cm":180,"minecraft:play_time":81159,"minecraft:sneak_time":247,"minecraft:walk_under_water_one_cm":1218,"minecraft:jump":583,"minecraft:walk_on_water_one_cm":2953,"minecraft:total_world_time":81159,"minecraft:fall_one_cm":13210},"minecraft:picked_up":{"minecraft:wooden_axe":1,"minecraft:birch_log":8,"minecraft:crafting_table":1,"minecraft:basalt":1,"minecraft:salmon":1,"minecraft:wooden_pickaxe":2,"minecraft:birch_planks":8,"minecraft:dirt":4,"minecraft:wheat_seeds":2,"minecraft:cobbled_deepslate":13,"minecraft:glass_bottle":1,"minecraft:sugar_cane":6,"minecraft:birch_sapling":3,"minecraft:furnace":1,"minecraft:stick":1,"minecraft:raw_iron":2,"minecraft:sweet_berries":29,"minecraft:spruce_fence":1,"minecraft:rotten_flesh":1,"minecraft:cod":1,"minecraft:coal":30,"minecraft:cobblestone":15}},"DataVersion":3465}