{"stats":{"minecraft:killed_by":{"minecraft:zombie":1},"minecraft:mined":{"minecraft:oak_log":1,"minecraft:birch_leaves":3,"minecraft:oak_leaves":10},"minecraft:picked_up":{"minecraft:oak_log":1},"minecraft:custom":{"minecraft:jump":109,"minecraft:time_since_rest":94,"minecraft:leave_game":1,"minecraft:deaths":1,"minecraft:damage_dealt":127,"minecraft:damage_taken":235,"minecraft:sprint_one_cm":7983,"minecraft:play_time":15324,"minecraft:time_since_death":66,"minecraft:walk_one_cm":7888,"minecraft:total_world_time":15324,"minecraft:fall_one_cm":4103,"minecraft:fly_one_cm":16777}},"DataVersion":3465}