{"stats":{"minecraft:dropped":{"minecraft:wheat_seeds":2,"minecraft:glass_bottle":1,"minecraft:wooden_axe":1,"minecraft:birch_sapling":3,"minecraft:wooden_pickaxe":3,"minecraft:spruce_fence":1},"minecraft:killed":{"minecraft:zombie_villager":1},"minecraft:used":{"minecraft:grass_block":1,"minecraft:stone_pickaxe":31,"minecraft:wooden_pickaxe":3,"minecraft:stone":12,"create:creative_motor":1,"minecraft:basalt":1,"minecraft:torch":1,"minecraft:dirt":3,"minecraft:crafting_table":1,"minecraft:furnace":1,"minecraft:cooked_cod":4,"minecraft:bucket":2,"minecraft:cod_bucket":1,"alexsmobs:animal_dictionary":1,"minecraft:salmon_bucket":1,"minecraft:cobbled_deepslate":2,"create:large_cogwheel":3,"minecraft:soul_torch":1},"minecraft:mined":{"minecraft:large_fern":1,"minecraft:furnace":1,"minecraft:iron_ore":2,"minecraft:birch_log":8,"minecraft:sweet_berry_bush":11,"minecraft:basalt":1,"minecraft:birch_leaves":4,"minecraft:glow_lichen":2,"minecraft:crafting_table":1,"minecraft:grass":3,"minecraft:grass_block":2,"minecraft:vine":1,"minecraft:stone":15,"minecraft:sugar_cane":4,"minecraft:deepslate":13},"minecraft:crafted":{"minecraft:cooked_cod":4,"minecraft:crafting_table":1,"minecraft:wooden_pickaxe":1,"minecraft:stone_pickaxe":1,"minecraft:furnace":1,"minecraft:cooked_salmon":2,"minecraft:birch_planks":20,"minecraft:air":0},"minecraft:custom":{"minecraft:time_since_rest":1088,"minecraft:interact_with_furnace":12,"minecraft:sprint_one_cm":49197,"minecraft:damage_taken":247,"minecraft:walk_one_cm":139554,"minecraft:mob_kills":1,"minecraft:drop":9,"minecraft:damage_dealt":158,"minecraft:interact_with_crafting_table":9,"minecraft:fly_one_cm":82890,"minecraft:open_barrel":7,"minecraft:open_chest":1,"minecraft:crouch_one_cm":180,"minecraft:play_time":75159,"minecraft:sneak_time":185,"minecraft:walk_under_water_one_cm":1218,"minecraft:jump":446,"minecraft:sleep_in_bed":3,"minecraft:leave_game":5,"minecraft:time_since_death":75159,"minecraft:walk_on_water_one_cm":2953,"minecraft:total_world_time":75159,"minecraft:climb_one_cm":1473,"minecraft:fall_one_cm":10576},"minecraft:picked_up":{"minecraft:birch_log":8,"minecraft:raw_iron":2,"minecraft:stick":1,"minecraft:crafting_table":1,"minecraft:basalt":1,"minecraft:sweet_berries":29,"minecraft:salmon":1,"minecraft:wooden_pickaxe":2,"minecraft:spruce_fence":1,"minecraft:birch_planks":8,"minecraft:dirt":2,"minecraft:rotten_flesh":1,"minecraft:wheat_seeds":2,"minecraft:cobbled_deepslate":13,"minecraft:glass_bottle":1,"minecraft:wooden_axe":1,"minecraft:sugar_cane":6,"minecraft:cod":1,"minecraft:birch_sapling":3,"minecraft:cobblestone":13,"minecraft:furnace":1}},"DataVersion":3465}