{"stats":{"minecraft:dropped":{"minecraft:wheat_seeds":2,"minecraft:glass_bottle":1,"minecraft:birch_sapling":3,"minecraft:spruce_fence":1,"minecraft:wooden_axe":1,"minecraft:wooden_pickaxe":3},"minecraft:killed":{"minecraft:zombie_villager":1},"minecraft:used":{"minecraft:water_bucket":10,"minecraft:stone_shovel":8,"minecraft:stone_pickaxe":87,"minecraft:spruce_planks":79,"minecraft:wooden_pickaxe":3,"minecraft:stone":12,"minecraft:cooked_salmon":2,"minecraft:torch":5,"minecraft:dirt":4,"minecraft:crafting_table":3,"minecraft:cod_bucket":1,"minecraft:salmon_bucket":1,"minecraft:grass_block":1,"create:creative_motor":1,"minecraft:stone_axe":22,"minecraft:basalt":1,"minecraft:sweet_berries":8,"minecraft:furnace":2,"minecraft:cooked_cod":4,"minecraft:birch_log":12,"minecraft:bucket":12,"alexsmobs:animal_dictionary":1,"minecraft:cobbled_deepslate":2,"minecraft:soul_torch":1,"create:large_cogwheel":3},"minecraft:mined":{"minecraft:spruce_planks":1,"minecraft:basalt":1,"minecraft:crafting_table":1,"minecraft:glow_lichen":2,"minecraft:grass_block":12,"minecraft:tall_grass":3,"minecraft:sugar_cane":4,"minecraft:birch_sapling":2,"minecraft:large_fern":1,"minecraft:furnace":1,"minecraft:birch_log":8,"minecraft:iron_ore":2,"minecraft:sweet_berry_bush":12,"minecraft:spruce_log":19,"minecraft:birch_leaves":4,"minecraft:grass":8,"minecraft:coal_ore":30,"minecraft:vine":1,"minecraft:stone":38,"minecraft:deepslate":13},"minecraft:crafted":{"minecraft:cooked_cod":4,"minecraft:stone_shovel":1,"minecraft:crafting_table":2,"minecraft:spruce_planks":80,"minecraft:wooden_pickaxe":1,"minecraft:furnace":1,"minecraft:cooked_salmon":2,"minecraft:birch_planks":20,"minecraft:stone_axe":1,"minecraft:air":0,"minecraft:iron_ingot":2,"minecraft:stone_pickaxe":1,"minecraft:torch":4},"minecraft:custom":{"minecraft:interact_with_furnace":15,"minecraft:mob_kills":1,"minecraft:interact_with_crafting_table":13,"minecraft:open_barrel":7,"minecraft:leave_game":5,"minecraft:time_since_death":93159,"minecraft:sleep_in_bed":3,"minecraft:climb_one_cm":1473,"minecraft:time_since_rest":19088,"minecraft:sprint_one_cm":87468,"minecraft:damage_taken":357,"minecraft:walk_one_cm":219618,"minecraft:drop":9,"minecraft:damage_dealt":158,"minecraft:fly_one_cm":164535,"minecraft:open_chest":1,"minecraft:crouch_one_cm":2616,"minecraft:play_time":93159,"minecraft:sneak_time":1161,"minecraft:walk_under_water_one_cm":1218,"minecraft:jump":868,"minecraft:walk_on_water_one_cm":7562,"minecraft:total_world_time":93159,"minecraft:fall_one_cm":21771},"minecraft:picked_up":{"minecraft:wooden_axe":1,"minecraft:birch_log":36,"minecraft:crafting_table":1,"minecraft:basalt":1,"minecraft:salmon":1,"minecraft:wooden_pickaxe":2,"minecraft:birch_planks":8,"minecraft:dirt":12,"minecraft:wheat_seeds":6,"minecraft:cobbled_deepslate":13,"minecraft:spruce_planks":1,"minecraft:glass_bottle":1,"minecraft:sugar_cane":6,"minecraft:birch_sapling":13,"minecraft:furnace":1,"minecraft:stick":8,"minecraft:raw_iron":2,"minecraft:sweet_berries":29,"minecraft:spruce_fence":1,"minecraft:spruce_sapling":4,"minecraft:spruce_log":39,"minecraft:rotten_flesh":1,"minecraft:cod":1,"minecraft:coal":30,"minecraft:cobblestone":36}},"DataVersion":3465}