{"stats":{"minecraft:killed":{"minecraft:zombie_villager":1},"minecraft:used":{"minecraft:torch":1,"minecraft:dirt":3,"minecraft:grass_block":1,"alexsmobs:animal_dictionary":1,"minecraft:stone":12,"minecraft:soul_torch":1,"create:large_cogwheel":3,"create:creative_motor":1},"minecraft:mined":{"minecraft:grass":1,"minecraft:grass_block":2,"minecraft:vine":1,"minecraft:birch_log":8,"minecraft:sugar_cane":4,"minecraft:large_fern":1},"minecraft:crafted":{"minecraft:birch_planks":20,"minecraft:crafting_table":1},"minecraft:custom":{"minecraft:open_barrel":2,"minecraft:time_since_rest":63159,"minecraft:crouch_one_cm":142,"minecraft:sprint_one_cm":33770,"minecraft:play_time":63159,"minecraft:damage_taken":237,"minecraft:walk_one_cm":89027,"minecraft:sneak_time":142,"minecraft:walk_under_water_one_cm":1218,"minecraft:mob_kills":1,"minecraft:jump":262,"minecraft:damage_dealt":143,"minecraft:leave_game":5,"minecraft:walk_on_water_one_cm":2953,"minecraft:time_since_death":63159,"minecraft:climb_one_cm":1473,"minecraft:total_world_time":63159,"minecraft:fall_one_cm":6742,"minecraft:fly_one_cm":55592},"minecraft:picked_up":{"minecraft:birch_log":8,"minecraft:stick":1,"minecraft:rotten_flesh":1,"minecraft:sugar_cane":6,"minecraft:birch_sapling":3,"minecraft:dirt":2}},"DataVersion":3465}