{"stats":{"minecraft:broken":{"minecraft:wooden_axe":1},"minecraft:dropped":{"minecraft:wooden_axe":1,"minecraft:crafting_table":1,"minecraft:wooden_pickaxe":2,"patchouli:guide_book":1},"minecraft:killed":{"minecraft:witch":1},"minecraft:used":{"minecraft:wooden_axe":36,"minecraft:bread":1,"minecraft:wooden_pickaxe":17,"minecraft:crafting_table":2,"alexsmobs:animal_dictionary":1},"minecraft:mined":{"minecraft:seagrass":1,"minecraft:birch_log":5,"minecraft:crafting_table":1,"minecraft:grass":1,"minecraft:coal_ore":2,"minecraft:vine":1,"minecraft:stone":15,"minecraft:fern":3,"minecraft:large_fern":1},"minecraft:crafted":{"minecraft:crafting_table":1,"minecraft:stick":4,"minecraft:wooden_pickaxe":1,"minecraft:wooden_axe":1,"minecraft:birch_planks":20,"minecraft:bread":2},"minecraft:custom":{"minecraft:time_since_rest":3504,"minecraft:sprint_one_cm":25395,"minecraft:damage_taken":225,"minecraft:walk_one_cm":11609,"minecraft:mob_kills":1,"minecraft:drop":5,"minecraft:damage_dealt":534,"minecraft:interact_with_crafting_table":5,"minecraft:fly_one_cm":18432,"minecraft:open_chest":1,"minecraft:interact_with_loom":2,"minecraft:play_time":3504,"minecraft:sneak_time":5,"minecraft:jump":109,"minecraft:walk_on_water_one_cm":9729,"minecraft:time_since_death":3504,"minecraft:total_world_time":3504,"minecraft:climb_one_cm":84,"minecraft:fall_one_cm":1372},"minecraft:picked_up":{"minecraft:wooden_axe":1,"minecraft:birch_log":5,"minecraft:crafting_table":2,"patchouli:guide_book":1,"minecraft:wooden_pickaxe":2,"minecraft:birch_planks":4,"minecraft:emerald":1,"minecraft:coal":2,"minecraft:cobblestone":15}},"DataVersion":3465}