{"stats":{"minecraft:broken":{"minecraft:wooden_axe":1},"minecraft:dropped":{"minecraft:bread":2,"minecraft:wooden_axe":1,"minecraft:crafting_table":1,"minecraft:wooden_pickaxe":3,"patchouli:guide_book":1,"minecraft:stick":1},"minecraft:used":{"minecraft:wooden_axe":36,"minecraft:stone_sword":21,"minecraft:birch_planks":4,"minecraft:bread":8,"minecraft:stone_pickaxe":42,"minecraft:wooden_pickaxe":17,"minecraft:stone_axe":35,"minecraft:crafting_table":3,"minecraft:mushroom_stew":1,"alexsmobs:animal_dictionary":1},"minecraft:killed":{"minecraft:sheep":3,"minecraft:witch":2},"minecraft:mined":{"minecraft:seagrass":1,"alexscaves:amber":35,"minecraft:birch_log":5,"alexscaves:limestone":2,"minecraft:crafting_table":3,"alexscaves:flytrap":4,"minecraft:grass":2,"minecraft:coal_ore":2,"minecraft:vine":3,"alexscaves:ambersol":1,"minecraft:smooth_basalt":4,"minecraft:stone":15,"minecraft:birch_planks":4,"minecraft:fern":5,"minecraft:large_fern":1},"minecraft:crafted":{"minecraft:crafting_table":1,"minecraft:stick":12,"minecraft:wooden_pickaxe":1,"minecraft:stone_pickaxe":1,"minecraft:wooden_axe":1,"minecraft:stone_sword":1,"minecraft:birch_planks":20,"minecraft:stone_axe":1,"minecraft:bread":2},"minecraft:custom":{"minecraft:time_since_rest":9504,"minecraft:sprint_one_cm":64087,"minecraft:damage_taken":505,"minecraft:walk_one_cm":41123,"minecraft:mob_kills":5,"minecraft:drop":9,"minecraft:damage_dealt":1243,"minecraft:interact_with_crafting_table":14,"minecraft:fly_one_cm":49603,"minecraft:open_barrel":3,"minecraft:open_chest":15,"minecraft:crouch_one_cm":274,"minecraft:interact_with_loom":2,"minecraft:play_time":9504,"minecraft:sneak_time":103,"minecraft:walk_under_water_one_cm":204,"minecraft:jump":304,"minecraft:interact_with_blast_furnace":1,"minecraft:walk_on_water_one_cm":14367,"minecraft:time_since_death":9504,"minecraft:interact_with_smoker":1,"minecraft:total_world_time":9504,"minecraft:climb_one_cm":1295,"minecraft:fall_one_cm":5578},"minecraft:picked_up":{"minecraft:wooden_axe":1,"minecraft:birch_log":5,"minecraft:stick":4,"minecraft:crafting_table":4,"minecraft:air":0,"patchouli:guide_book":1,"minecraft:wooden_pickaxe":3,"alexscaves:amber_curiosity":1,"minecraft:birch_planks":8,"alexscaves:limestone":2,"minecraft:gunpowder":2,"alexscaves:ambersol":1,"minecraft:spider_eye":1,"alexscaves:amber":34,"minecraft:armor_stand":1,"minecraft:smooth_basalt":3,"minecraft:glass_bottle":2,"minecraft:bread":2,"minecraft:emerald":2,"minecraft:light_gray_wool":1,"alexscaves:flytrap":2,"minecraft:iron_chestplate":1,"minecraft:mutton":4,"minecraft:white_wool":2,"minecraft:coal":2,"minecraft:cobblestone":29}},"DataVersion":3465}