{"stats":{"minecraft:broken":{"minecraft:stone_pickaxe":1,"minecraft:wooden_axe":1},"minecraft:dropped":{"minecraft:bread":2,"alexsmobs:animal_dictionary":1,"minecraft:stone_sword":1,"minecraft:glass_bottle":2,"minecraft:crafting_table":1,"alexscaves:curly_fern":1,"patchouli:guide_book":3,"minecraft:stick":1,"minecraft:diamond_sword":1,"alexscaves:ancient_sapling":1,"minecraft:wooden_axe":1,"alexscaves:pine_nuts":1,"minecraft:spider_eye":1,"alexscaves:primitive_club":1,"minecraft:wooden_pickaxe":3,"minecraft:armor_stand":1},"minecraft:killed":{"alexscaves:tremorsaurus":1,"minecraft:witch":2,"minecraft:sheep":3,"alexscaves:grottoceratops":1,"alexscaves:vallumraptor":7},"minecraft:used":{"minecraft:cooked_mutton":7,"minecraft:stone_sword":114,"minecraft:birch_planks":5,"minecraft:stone_pickaxe":131,"minecraft:wooden_pickaxe":17,"alexscaves:primitive_club":10,"minecraft:golden_apple":1,"minecraft:crafting_table":4,"minecraft:mushroom_stew":1,"alexscaves:limestone":17,"minecraft:wooden_axe":36,"minecraft:bread":14,"minecraft:smooth_basalt":3,"minecraft:rabbit_stew":2,"minecraft:stone_axe":80,"minecraft:diamond_sword":12,"minecraft:cobblestone":7,"minecraft:furnace":2,"alexsmobs:animal_dictionary":1},"minecraft:mined":{"alexscaves:flood_basalt":1,"alexscaves:amber":83,"alexscaves:limestone":23,"minecraft:crafting_table":3,"alexscaves:flytrap":4,"minecraft:grass_block":4,"minecraft:coal_block":1,"minecraft:moss_block":4,"minecraft:large_fern":8,"alexscaves:cave_painting_footprint":1,"minecraft:seagrass":1,"minecraft:birch_planks":4,"minecraft:packed_mud":2,"minecraft:birch_log":5,"minecraft:moss_carpet":1,"minecraft:grass":4,"minecraft:coal_ore":2,"alexscaves:smooth_limestone_slab":1,"alexscaves:cycad":1,"minecraft:vine":3,"alexscaves:cave_painting_trilocaris":1,"minecraft:dirt":1,"alexscaves:smooth_limestone":3,"alexscaves:ambersol":2,"alexscaves:curly_fern":3,"minecraft:smooth_basalt":4,"minecraft:stone":15,"minecraft:bone_block":5,"minecraft:fern":12},"minecraft:crafted":{"minecraft:diamond_sword":1,"minecraft:cooked_porkchop":5,"minecraft:crafting_table":1,"minecraft:wooden_pickaxe":1,"minecraft:furnace":2,"minecraft:birch_planks":20,"minecraft:stone_axe":1,"minecraft:cooked_mutton":7,"minecraft:bread":2,"minecraft:stick":12,"minecraft:stone_pickaxe":1,"minecraft:wooden_axe":1,"minecraft:stone_sword":1},"minecraft:custom":{"minecraft:interact_with_furnace":15,"minecraft:mob_kills":14,"minecraft:interact_with_crafting_table":22,"minecraft:open_barrel":3,"minecraft:interact_with_loom":2,"minecraft:time_since_death":33504,"minecraft:climb_one_cm":1555,"minecraft:time_since_rest":33504,"minecraft:sprint_one_cm":159588,"minecraft:damage_absorbed":39,"minecraft:damage_taken":1678,"minecraft:walk_one_cm":126374,"minecraft:drop":21,"minecraft:damage_dealt":5879,"minecraft:swim_one_cm":31538,"minecraft:fly_one_cm":148371,"minecraft:open_chest":15,"minecraft:crouch_one_cm":2542,"minecraft:play_time":33504,"minecraft:sneak_time":603,"minecraft:walk_under_water_one_cm":17415,"minecraft:jump":841,"minecraft:interact_with_blast_furnace":1,"minecraft:walk_on_water_one_cm":28077,"minecraft:total_world_time":33504,"minecraft:interact_with_smoker":1,"minecraft:fall_one_cm":25207},"minecraft:picked_up":{"minecraft:wooden_axe":1,"minecraft:birch_log":5,"minecraft:iron_chestplate":1,"minecraft:crafting_table":4,"minecraft:air":0,"minecraft:rabbit_stew":4,"minecraft:diamond_sword":1,"minecraft:wooden_pickaxe":3,"minecraft:birch_planks":8,"minecraft:packed_mud":2,"alexscaves:limestone":23,"minecraft:gunpowder":2,"alexscaves:ambersol":2,"minecraft:dirt":2,"alexscaves:amber":74,"alexscaves:pewen_sapling":1,"minecraft:armor_stand":1,"alexscaves:dinosaur_chop":1,"alexscaves:curly_fern":3,"minecraft:light_gray_wool":1,"minecraft:glass_bottle":2,"minecraft:moss_block":4,"alexscaves:flytrap":2,"minecraft:stick":4,"minecraft:smooth_basalt":3,"patchouli:guide_book":2,"alexscaves:amber_curiosity":1,"minecraft:spider_eye":1,"minecraft:stone_sword":1,"alexscaves:pine_nuts":1,"minecraft:emerald":2,"minecraft:bread":2,"alexscaves:primitive_club":2,"minecraft:ender_pearl":1,"minecraft:mutton":4,"minecraft:coal":2,"minecraft:white_wool":2,"minecraft:cobblestone":45,"alexscaves:ancient_sapling":1}},"DataVersion":3465}