{"stats":{"minecraft:broken":{"minecraft:wooden_axe":1},"minecraft:dropped":{"minecraft:bread":2,"minecraft:crafting_table":1,"patchouli:guide_book":1,"minecraft:stick":1,"minecraft:wooden_axe":1,"minecraft:wooden_pickaxe":3},"minecraft:killed":{"minecraft:witch":2,"minecraft:sheep":3},"minecraft:used":{"minecraft:stone_sword":21,"minecraft:birch_planks":4,"minecraft:stone_pickaxe":74,"minecraft:wooden_pickaxe":17,"minecraft:crafting_table":3,"minecraft:mushroom_stew":1,"alexscaves:limestone":17,"minecraft:wooden_axe":36,"minecraft:bread":13,"minecraft:smooth_basalt":3,"minecraft:stone_axe":35,"minecraft:cobblestone":7,"alexsmobs:animal_dictionary":1},"minecraft:mined":{"alexscaves:flood_basalt":1,"alexscaves:amber":35,"alexscaves:limestone":18,"minecraft:crafting_table":3,"alexscaves:flytrap":4,"minecraft:coal_block":1,"minecraft:large_fern":1,"alexscaves:cave_painting_footprint":1,"minecraft:seagrass":1,"minecraft:birch_planks":4,"minecraft:packed_mud":2,"minecraft:birch_log":5,"minecraft:moss_carpet":1,"minecraft:grass":2,"minecraft:coal_ore":2,"alexscaves:smooth_limestone_slab":1,"minecraft:vine":3,"alexscaves:cave_painting_trilocaris":1,"alexscaves:smooth_limestone":3,"alexscaves:ambersol":1,"minecraft:smooth_basalt":4,"minecraft:stone":15,"minecraft:bone_block":5,"minecraft:fern":5},"minecraft:crafted":{"minecraft:crafting_table":1,"minecraft:wooden_pickaxe":1,"minecraft:birch_planks":20,"minecraft:stone_axe":1,"minecraft:bread":2,"minecraft:stick":12,"minecraft:stone_pickaxe":1,"minecraft:wooden_axe":1,"minecraft:stone_sword":1},"minecraft:custom":{"minecraft:mob_kills":5,"minecraft:interact_with_crafting_table":14,"minecraft:open_barrel":3,"minecraft:interact_with_loom":2,"minecraft:time_since_death":15504,"minecraft:climb_one_cm":1555,"minecraft:time_since_rest":15504,"minecraft:sprint_one_cm":91771,"minecraft:damage_taken":755,"minecraft:walk_one_cm":61986,"minecraft:drop":9,"minecraft:damage_dealt":1243,"minecraft:fly_one_cm":76995,"minecraft:open_chest":15,"minecraft:crouch_one_cm":2542,"minecraft:play_time":15504,"minecraft:sneak_time":591,"minecraft:walk_under_water_one_cm":204,"minecraft:jump":465,"minecraft:interact_with_blast_furnace":1,"minecraft:walk_on_water_one_cm":14783,"minecraft:total_world_time":15504,"minecraft:interact_with_smoker":1,"minecraft:fall_one_cm":11365},"minecraft:picked_up":{"minecraft:wooden_axe":1,"minecraft:birch_log":5,"minecraft:iron_chestplate":1,"minecraft:crafting_table":4,"minecraft:air":0,"minecraft:wooden_pickaxe":3,"minecraft:birch_planks":8,"minecraft:packed_mud":2,"alexscaves:limestone":18,"minecraft:gunpowder":2,"alexscaves:ambersol":1,"alexscaves:amber":34,"minecraft:armor_stand":1,"minecraft:light_gray_wool":1,"minecraft:glass_bottle":2,"alexscaves:flytrap":2,"minecraft:stick":4,"minecraft:smooth_basalt":3,"patchouli:guide_book":1,"alexscaves:amber_curiosity":1,"minecraft:spider_eye":1,"minecraft:emerald":2,"minecraft:bread":2,"minecraft:mutton":4,"minecraft:coal":2,"minecraft:white_wool":2,"minecraft:cobblestone":29,"alexscaves:ancient_sapling":1}},"DataVersion":3465}