{"stats":{"minecraft:used":{"minecraft:bread":2,"minecraft:leather_boots":1},"minecraft:mined":{"minecraft:large_fern":1,"minecraft:hay_block":6,"minecraft:grass_block":3,"minecraft:red_bed":1,"minecraft:birch_log":6},"minecraft:crafted":{"minecraft:birch_planks":24,"minecraft:wheat":54},"minecraft:custom":{"minecraft:open_chest":6,"minecraft:time_since_rest":6656,"minecraft:crouch_one_cm":552,"minecraft:play_time":6656,"minecraft:sprint_one_cm":49400,"minecraft:damage_taken":40,"minecraft:walk_one_cm":24324,"minecraft:sneak_time":182,"minecraft:jump":131,"minecraft:time_since_death":6656,"minecraft:walk_on_water_one_cm":416,"minecraft:total_world_time":6656,"minecraft:climb_one_cm":620,"minecraft:talked_to_villager":4,"minecraft:fall_one_cm":2199,"minecraft:fly_one_cm":26711,"minecraft:open_barrel":4},"minecraft:picked_up":{"minecraft:hay_block":6,"minecraft:red_bed":1,"minecraft:birch_log":6,"minecraft:dirt":3}},"DataVersion":3465}