{"stats":{"minecraft:dropped":{"minecraft:dirt":3,"minecraft:wooden_pickaxe":1,"patchouli:guide_book":4},"minecraft:used":{"minecraft:stone_pickaxe":4,"minecraft:bread":6,"minecraft:wooden_pickaxe":16,"minecraft:leather_boots":1,"minecraft:crafting_table":1,"minecraft:red_bed":1,"minecraft:birch_sign":1},"minecraft:mined":{"minecraft:large_fern":1,"minecraft:hay_block":12,"minecraft:red_bed":1,"minecraft:birch_log":6,"minecraft:iron_ore":1,"minecraft:crafting_table":1,"minecraft:grass_block":3,"minecraft:coal_ore":2,"minecraft:stone":17},"minecraft:crafted":{"minecraft:stick":8,"minecraft:wooden_pickaxe":1,"minecraft:stone_pickaxe":1,"minecraft:birch_planks":24,"minecraft:birch_sign":3,"minecraft:bread":18,"minecraft:wheat":54},"minecraft:custom":{"minecraft:time_since_rest":4000,"minecraft:sprint_one_cm":110603,"minecraft:damage_taken":210,"minecraft:walk_one_cm":57984,"minecraft:drop":6,"minecraft:damage_dealt":8,"minecraft:talked_to_villager":5,"minecraft:interact_with_crafting_table":6,"minecraft:fly_one_cm":42232,"minecraft:open_barrel":6,"minecraft:open_chest":21,"minecraft:crouch_one_cm":851,"minecraft:play_time":18656,"minecraft:sneak_time":442,"minecraft:jump":211,"minecraft:walk_on_water_one_cm":416,"minecraft:time_since_death":18656,"minecraft:sleep_in_bed":1,"minecraft:climb_one_cm":4447,"minecraft:total_world_time":18656,"minecraft:fall_one_cm":6563},"minecraft:picked_up":{"minecraft:birch_log":6,"minecraft:crafting_table":1,"minecraft:raw_iron":1,"patchouli:guide_book":4,"minecraft:dirt":3,"minecraft:red_bed":1,"minecraft:hay_block":12,"minecraft:coal":1,"minecraft:cobblestone":17}},"DataVersion":3465}