{"stats":{"minecraft:dropped":{"minecraft:dirt":3,"alexsmobs:animal_dictionary":1,"minecraft:stone_slab":1,"minecraft:wooden_pickaxe":1,"patchouli:guide_book":5},"minecraft:used":{"minecraft:cooked_mutton":2,"minecraft:stone_pickaxe":49,"minecraft:bread":8,"minecraft:chest":1,"minecraft:wooden_pickaxe":16,"minecraft:leather_boots":1,"minecraft:torch":11,"minecraft:crafting_table":2,"minecraft:furnace":1,"minecraft:red_bed":1,"minecraft:birch_sign":1},"minecraft:mined":{"minecraft:large_fern":1,"minecraft:hay_block":12,"minecraft:red_bed":1,"minecraft:birch_log":6,"minecraft:iron_ore":3,"minecraft:crafting_table":1,"minecraft:oak_log":6,"minecraft:grass_block":3,"minecraft:coal_ore":23,"minecraft:deepslate_iron_ore":15,"minecraft:stone_slab":1,"minecraft:stone":22},"minecraft:crafted":{"minecraft:oak_planks":24,"minecraft:crafting_table":1,"minecraft:stick":8,"minecraft:wooden_pickaxe":1,"minecraft:stone_pickaxe":1,"minecraft:chest":1,"minecraft:furnace":1,"minecraft:torch":20,"minecraft:birch_planks":24,"minecraft:birch_sign":3,"minecraft:air":0,"minecraft:cooked_mutton":9,"minecraft:bread":18,"minecraft:wheat":54},"minecraft:custom":{"minecraft:time_since_rest":10000,"minecraft:interact_with_furnace":5,"minecraft:sprint_one_cm":133701,"minecraft:damage_taken":290,"minecraft:walk_one_cm":77450,"minecraft:drop":9,"minecraft:damage_dealt":8,"minecraft:talked_to_villager":5,"minecraft:interact_with_crafting_table":9,"minecraft:fly_one_cm":68693,"minecraft:open_barrel":6,"minecraft:open_chest":27,"minecraft:crouch_one_cm":5583,"minecraft:play_time":24656,"minecraft:sneak_time":1829,"minecraft:walk_under_water_one_cm":2511,"minecraft:jump":379,"minecraft:walk_on_water_one_cm":3335,"minecraft:time_since_death":24656,"minecraft:sleep_in_bed":1,"minecraft:climb_one_cm":4447,"minecraft:total_world_time":24656,"minecraft:fall_one_cm":12265},"minecraft:picked_up":{"minecraft:birch_log":6,"minecraft:crafting_table":1,"minecraft:raw_iron":18,"patchouli:guide_book":4,"minecraft:stone_slab":2,"minecraft:oak_log":6,"minecraft:dirt":3,"minecraft:red_bed":1,"minecraft:hay_block":12,"minecraft:coal":22,"minecraft:cobblestone":19}},"DataVersion":3465}