{"stats":{"minecraft:dropped":{"minecraft:dirt":3,"alexsmobs:animal_dictionary":1,"minecraft:stone_slab":1,"minecraft:wooden_pickaxe":1,"patchouli:guide_book":5},"minecraft:used":{"minecraft:cooked_mutton":2,"minecraft:birch_planks":1,"minecraft:stone_pickaxe":95,"minecraft:bread":8,"minecraft:iron_pickaxe":31,"minecraft:chest":1,"minecraft:wooden_pickaxe":16,"minecraft:green_bed":1,"minecraft:leather_boots":1,"minecraft:torch":20,"minecraft:cobblestone":28,"minecraft:bow":1,"minecraft:crafting_table":2,"minecraft:furnace":1,"minecraft:red_bed":1,"minecraft:birch_sign":1},"minecraft:mined":{"minecraft:large_fern":1,"minecraft:hay_block":12,"minecraft:mossy_cobblestone":1,"minecraft:red_bed":1,"minecraft:birch_log":6,"minecraft:iron_ore":16,"minecraft:crafting_table":1,"minecraft:oak_log":6,"minecraft:grass_block":3,"minecraft:coal_ore":56,"minecraft:deepslate_iron_ore":15,"minecraft:stone_slab":1,"minecraft:cobblestone":1,"minecraft:stone":50,"minecraft:wall_torch":1,"minecraft:green_bed":1},"minecraft:crafted":{"minecraft:oak_planks":24,"minecraft:iron_chestplate":1,"minecraft:shield":1,"minecraft:crafting_table":1,"minecraft:stick":20,"minecraft:iron_pickaxe":1,"minecraft:iron_ingot":31,"minecraft:wooden_pickaxe":1,"minecraft:stone_pickaxe":1,"minecraft:iron_sword":1,"minecraft:chest":1,"minecraft:furnace":1,"minecraft:torch":20,"minecraft:birch_planks":24,"minecraft:birch_sign":3,"minecraft:air":0,"minecraft:cooked_mutton":9,"minecraft:bread":21,"minecraft:wheat":54},"minecraft:custom":{"minecraft:time_since_rest":16000,"minecraft:interact_with_furnace":12,"minecraft:sprint_one_cm":172558,"minecraft:damage_taken":320,"minecraft:walk_one_cm":105092,"minecraft:drop":9,"minecraft:damage_dealt":8,"minecraft:talked_to_villager":5,"minecraft:interact_with_crafting_table":15,"minecraft:fly_one_cm":116742,"minecraft:open_barrel":6,"minecraft:open_chest":41,"minecraft:crouch_one_cm":11484,"minecraft:play_time":30656,"minecraft:sneak_time":2793,"minecraft:walk_under_water_one_cm":2511,"minecraft:jump":567,"minecraft:walk_on_water_one_cm":5688,"minecraft:time_since_death":30656,"minecraft:sleep_in_bed":1,"minecraft:climb_one_cm":4612,"minecraft:total_world_time":30656,"minecraft:fall_one_cm":22387},"minecraft:picked_up":{"minecraft:birch_log":6,"minecraft:crafting_table":1,"minecraft:raw_iron":31,"patchouli:guide_book":4,"minecraft:torch":1,"minecraft:stone_slab":2,"minecraft:green_bed":1,"minecraft:oak_log":6,"minecraft:mossy_cobblestone":1,"minecraft:dirt":3,"minecraft:red_bed":1,"minecraft:hay_block":12,"minecraft:coal":55,"minecraft:cobblestone":45}},"DataVersion":3465}