{"stats":{"minecraft:broken":{"minecraft:iron_pickaxe":1},"minecraft:dropped":{"alexsmobs:animal_dictionary":1,"minecraft:stone_slab":1,"patchouli:guide_book":5,"minecraft:dirt":3,"minecraft:wooden_pickaxe":1},"minecraft:used":{"minecraft:cooked_mutton":2,"minecraft:birch_planks":1,"minecraft:stone_pickaxe":95,"minecraft:blackstone":2,"minecraft:chest":1,"minecraft:wooden_pickaxe":16,"minecraft:green_bed":1,"minecraft:leather_boots":1,"minecraft:torch":43,"minecraft:mossy_cobblestone":1,"minecraft:crafting_table":3,"minecraft:red_bed":1,"minecraft:birch_sign":1,"minecraft:bread":10,"minecraft:iron_pickaxe":307,"minecraft:cobblestone":28,"minecraft:bow":1,"minecraft:furnace":2},"minecraft:mined":{"minecraft:deepslate_redstone_ore":1,"unusualprehistory:deepslate_plant_fossil":1,"minecraft:blackstone":53,"iceandfire:silver_ore":1,"minecraft:red_bed":1,"minecraft:mossy_cobblestone":1,"minecraft:crafting_table":1,"minecraft:grass_block":3,"unusualprehistory:deepslate_fossil":1,"minecraft:stone_slab":1,"minecraft:cobblestone":1,"minecraft:deepslate_gold_ore":6,"minecraft:wall_torch":4,"minecraft:large_fern":1,"minecraft:hay_block":12,"minecraft:birch_log":6,"minecraft:iron_ore":27,"yungscavebiomes:ice_sheet":1,"minecraft:deepslate_lapis_ore":4,"minecraft:coal_ore":73,"minecraft:oak_log":6,"minecraft:deepslate_iron_ore":28,"minecraft:stone":72,"minecraft:deepslate":146,"minecraft:green_bed":1},"minecraft:crafted":{"minecraft:oak_planks":24,"minecraft:crafting_table":2,"minecraft:wooden_pickaxe":1,"minecraft:iron_sword":1,"minecraft:furnace":2,"minecraft:birch_planks":24,"minecraft:bread":21,"minecraft:cooked_mutton":9,"minecraft:air":0,"minecraft:iron_chestplate":1,"minecraft:shield":1,"minecraft:stick":32,"minecraft:iron_ingot":39,"minecraft:stone_pickaxe":1,"minecraft:iron_pickaxe":3,"minecraft:chest":1,"minecraft:torch":56,"minecraft:birch_sign":3,"minecraft:wheat":54},"minecraft:custom":{"minecraft:interact_with_furnace":14,"minecraft:interact_with_crafting_table":17,"minecraft:open_barrel":6,"minecraft:leave_game":1,"minecraft:time_since_death":38411,"minecraft:sleep_in_bed":1,"minecraft:climb_one_cm":4612,"minecraft:time_since_rest":23755,"minecraft:sprint_one_cm":197200,"minecraft:damage_taken":340,"minecraft:walk_one_cm":121692,"minecraft:drop":9,"minecraft:damage_dealt":8,"minecraft:talked_to_villager":5,"minecraft:fly_one_cm":128295,"minecraft:open_chest":41,"minecraft:crouch_one_cm":19250,"minecraft:play_time":38411,"minecraft:sneak_time":6257,"minecraft:walk_under_water_one_cm":2511,"minecraft:jump":687,"minecraft:walk_on_water_one_cm":5688,"minecraft:total_world_time":38411,"minecraft:fall_one_cm":23345},"minecraft:picked_up":{"minecraft:birch_log":6,"minecraft:crafting_table":1,"minecraft:stone_slab":2,"minecraft:oak_log":6,"minecraft:lapis_lazuli":31,"minecraft:red_bed":1,"minecraft:dirt":3,"minecraft:blackstone":53,"unusualprehistory:paleo_fossil":1,"minecraft:raw_gold":6,"minecraft:cobbled_deepslate":145,"unusualprehistory:plant_fossil_item":1,"minecraft:raw_iron":55,"patchouli:guide_book":4,"minecraft:torch":4,"minecraft:green_bed":1,"minecraft:redstone":4,"minecraft:mossy_cobblestone":1,"minecraft:hay_block":12,"minecraft:coal":72,"minecraft:cobblestone":67,"iceandfire:raw_silver":1}},"DataVersion":3465}