{"stats":{"minecraft:dropped":{"minecraft:wheat_seeds":6,"alexscaves:pewen_sapling":5,"alexsmobs:animal_dictionary":1,"minecraft:glass_bottle":2,"minecraft:bowl":6,"alexscaves:curly_fern":2,"minecraft:pointed_dripstone":3,"minecraft:rotten_flesh":1,"alexscaves:pewen_wood":1,"alexscaves:ambersol":1,"patchouli:guide_book":3,"alexscaves:ancient_sapling":1,"minecraft:wooden_axe":2,"minecraft:spider_eye":1,"minecraft:oak_sapling":6,"minecraft:potion":1,"alexscaves:primitive_club":1,"minecraft:stone_pickaxe":1,"minecraft:wooden_pickaxe":1,"alexscaves:cycad":1,"minecraft:armor_stand":1},"minecraft:killed":{"minecraft:slime":1,"alexsmobs:murmur_head":1,"alexscaves:grottoceratops":2,"minecraft:enderman":1,"alexsmobs:rocky_roller":1,"alexscaves:vallumraptor":3},"minecraft:used":{"minecraft:moss_block":1,"minecraft:water_bucket":5,"minecraft:stone_pickaxe":48,"alexscaves:amber_monolith":3,"minecraft:wooden_pickaxe":3,"minecraft:iron_chestplate":1,"alexscaves:primitive_club":2,"minecraft:torch":33,"minecraft:crafting_table":4,"minecraft:red_bed":2,"alexscaves:curly_fern":1,"alexscaves:pewen_planks":16,"minecraft:wooden_axe":26,"minecraft:bread":2,"minecraft:iron_pickaxe":101,"alexscaves:amber":24,"alexscaves:cycad":1,"minecraft:rabbit_stew":6,"minecraft:stone_axe":50,"minecraft:cobblestone":1,"minecraft:furnace":1,"minecraft:cooked_porkchop":2,"minecraft:bucket":5,"minecraft:cooked_beef":6,"minecraft:iron_leggings":1},"minecraft:mined":{"create:deepslate_zinc_ore":1,"alexscaves:amber":65,"minecraft:red_bed":2,"minecraft:crafting_table":4,"minecraft:torch":2,"alexscaves:pewen_log":13,"alexscaves:pewen_wood":1,"alexscaves:tree_star":7,"minecraft:cobblestone":1,"minecraft:moss_block":1,"minecraft:wall_torch":2,"minecraft:large_fern":1,"alexscaves:archaic_vine_plant":1,"minecraft:furnace":1,"minecraft:iron_ore":17,"alexscaves:amber_monolith":3,"alexscaves:fiddlehead":8,"minecraft:grass":2,"minecraft:oak_log":8,"minecraft:coal_ore":42,"alexscaves:cycad":6,"alexscaves:ambersol":1,"alexscaves:curly_fern":1,"minecraft:stone":19,"minecraft:oak_leaves":7,"minecraft:fern":1},"minecraft:crafted":{"minecraft:oak_planks":32,"minecraft:rabbit_stew":10,"minecraft:cooked_porkchop":10,"minecraft:crafting_table":1,"minecraft:wooden_pickaxe":1,"minecraft:furnace":1,"alexscaves:pewen_planks":16,"minecraft:stone_axe":1,"minecraft:air":0,"minecraft:iron_chestplate":1,"alexscaves:serene_salad":1,"minecraft:stick":20,"minecraft:iron_ingot":17,"minecraft:iron_pickaxe":1,"minecraft:stone_pickaxe":1,"minecraft:wooden_axe":1,"minecraft:iron_leggings":1,"alexscaves:primitive_club":2,"minecraft:torch":40},"minecraft:custom":{"minecraft:interact_with_furnace":12,"minecraft:mob_kills":9,"minecraft:traded_with_villager":12,"minecraft:interact_with_crafting_table":10,"minecraft:open_barrel":8,"minecraft:leave_game":1,"minecraft:time_since_death":40769,"minecraft:sleep_in_bed":2,"minecraft:climb_one_cm":61,"minecraft:time_since_rest":10119,"minecraft:sprint_one_cm":251230,"minecraft:damage_taken":688,"minecraft:walk_one_cm":121665,"minecraft:drop":35,"minecraft:damage_dealt":3556,"minecraft:talked_to_villager":3,"minecraft:swim_one_cm":8116,"minecraft:fly_one_cm":388621,"minecraft:open_chest":12,"minecraft:crouch_one_cm":3544,"minecraft:play_time":40769,"minecraft:sneak_time":529,"minecraft:walk_under_water_one_cm":4871,"minecraft:jump":1448,"minecraft:walk_on_water_one_cm":15800,"minecraft:total_world_time":40769,"minecraft:fall_one_cm":50246},"minecraft:picked_up":{"minecraft:wooden_axe":1,"alexscaves:pewen_log":13,"minecraft:crafting_table":4,"alexscaves:tough_hide":5,"minecraft:oak_log":8,"alexscaves:ambersol":1,"minecraft:red_bed":2,"alexscaves:fiddlehead":8,"alexscaves:amber":58,"alexscaves:pewen_sapling":5,"minecraft:armor_stand":1,"alexscaves:dinosaur_chop":1,"minecraft:apple":1,"minecraft:wheat_seeds":6,"alexscaves:curly_fern":3,"minecraft:glass_bottle":2,"alexscaves:amber_monolith":3,"minecraft:moss_block":1,"minecraft:furnace":1,"minecraft:stick":5,"minecraft:raw_iron":17,"alexscaves:cycad":6,"patchouli:guide_book":1,"minecraft:torch":4,"minecraft:bowl":1,"alexscaves:amber_curiosity":3,"alexscaves:heavy_bone":2,"alexscaves:tree_star":7,"minecraft:pointed_dripstone":3,"alexsmobs:animal_dictionary":1,"minecraft:spider_eye":1,"minecraft:rotten_flesh":1,"alexscaves:pewen_wood":1,"alexscaves:pine_nuts":5,"minecraft:oak_sapling":6,"minecraft:coal":51,"minecraft:cobblestone":22,"alexscaves:ancient_sapling":1}},"DataVersion":3465}