{"stats":{"minecraft:dropped":{"minecraft:bowl":2,"minecraft:wooden_axe":2,"minecraft:pointed_dripstone":3,"minecraft:oak_sapling":6,"minecraft:potion":1,"minecraft:rotten_flesh":1,"minecraft:wooden_pickaxe":1,"patchouli:guide_book":2},"minecraft:killed":{"alexsmobs:rocky_roller":1},"minecraft:used":{"minecraft:wooden_axe":26,"minecraft:water_bucket":2,"minecraft:bread":2,"minecraft:stone_pickaxe":40,"minecraft:wooden_pickaxe":3,"minecraft:rabbit_stew":2,"minecraft:torch":15,"minecraft:cobblestone":1,"minecraft:crafting_table":3,"minecraft:furnace":1,"minecraft:bucket":1,"minecraft:cooked_beef":1},"minecraft:mined":{"minecraft:red_bed":1,"minecraft:iron_ore":17,"minecraft:crafting_table":2,"minecraft:grass":1,"minecraft:coal_ore":12,"minecraft:oak_log":8,"minecraft:stone":14,"minecraft:oak_leaves":7,"minecraft:fern":1},"minecraft:crafted":{"minecraft:oak_planks":32,"minecraft:rabbit_stew":10,"minecraft:cooked_porkchop":10,"minecraft:crafting_table":1,"minecraft:stick":16,"minecraft:wooden_pickaxe":1,"minecraft:stone_pickaxe":1,"minecraft:wooden_axe":1,"minecraft:furnace":1,"minecraft:torch":20,"minecraft:air":0},"minecraft:custom":{"minecraft:time_since_rest":16769,"minecraft:interact_with_furnace":3,"minecraft:sprint_one_cm":96177,"minecraft:damage_taken":168,"minecraft:walk_one_cm":36509,"minecraft:mob_kills":1,"minecraft:drop":15,"minecraft:damage_dealt":205,"minecraft:traded_with_villager":12,"minecraft:talked_to_villager":3,"minecraft:interact_with_crafting_table":3,"minecraft:fly_one_cm":111311,"minecraft:open_barrel":8,"minecraft:open_chest":12,"minecraft:crouch_one_cm":2071,"minecraft:play_time":16769,"minecraft:sneak_time":269,"minecraft:walk_under_water_one_cm":72,"minecraft:jump":448,"minecraft:leave_game":1,"minecraft:time_since_death":16769,"minecraft:walk_on_water_one_cm":1415,"minecraft:total_world_time":16769,"minecraft:climb_one_cm":36,"minecraft:fall_one_cm":15657},"minecraft:picked_up":{"minecraft:wooden_axe":1,"minecraft:raw_iron":17,"minecraft:stick":3,"minecraft:crafting_table":2,"minecraft:oak_log":8,"minecraft:pointed_dripstone":3,"minecraft:red_bed":1,"minecraft:rotten_flesh":1,"minecraft:apple":1,"minecraft:oak_sapling":6,"minecraft:coal":12,"minecraft:cobblestone":16}},"DataVersion":3465}