{"stats":{"minecraft:dropped":{"minecraft:wheat_seeds":6,"alexscaves:pewen_sapling":10,"alexsmobs:animal_dictionary":1,"minecraft:glass_bottle":2,"minecraft:bowl":6,"alexscaves:curly_fern":2,"minecraft:pointed_dripstone":3,"minecraft:rotten_flesh":1,"alexscaves:pewen_wood":2,"alexscaves:ambersol":1,"patchouli:guide_book":3,"alexscaves:ancient_sapling":1,"minecraft:wooden_axe":2,"minecraft:spider_eye":1,"minecraft:oak_sapling":6,"minecraft:potion":1,"minecraft:rabbit_stew":4,"alexscaves:primitive_club":1,"minecraft:stone_pickaxe":1,"minecraft:wooden_pickaxe":1,"alexscaves:cycad":1,"minecraft:armor_stand":1},"minecraft:killed":{"minecraft:slime":1,"alexsmobs:murmur_head":1,"alexscaves:grottoceratops":2,"minecraft:enderman":1,"alexsmobs:rocky_roller":1,"alexscaves:vallumraptor":4},"minecraft:used":{"minecraft:moss_block":1,"minecraft:water_bucket":5,"minecraft:stone_pickaxe":48,"alexscaves:amber_monolith":3,"minecraft:wooden_pickaxe":3,"minecraft:iron_chestplate":1,"alexscaves:primitive_club":3,"minecraft:torch":36,"minecraft:crafting_table":4,"minecraft:red_bed":2,"alexscaves:pewen_sapling":7,"alexscaves:curly_fern":2,"alexscaves:pewen_planks":16,"minecraft:wooden_axe":26,"minecraft:bread":2,"minecraft:iron_pickaxe":101,"alexscaves:pewen_wood":2,"alexscaves:amber":24,"alexscaves:cycad":1,"minecraft:rabbit_stew":6,"minecraft:stone_axe":74,"minecraft:cobblestone":6,"minecraft:furnace":1,"minecraft:cooked_porkchop":4,"minecraft:bucket":5,"minecraft:cooked_beef":6,"minecraft:iron_leggings":1},"minecraft:mined":{"create:deepslate_zinc_ore":1,"alexscaves:amber":65,"minecraft:red_bed":2,"minecraft:crafting_table":4,"minecraft:torch":4,"alexscaves:pewen_branch":1,"alexscaves:pewen_log":26,"alexscaves:pewen_wood":4,"alexscaves:tree_star":9,"minecraft:cobblestone":1,"minecraft:moss_block":1,"minecraft:wall_torch":2,"minecraft:large_fern":2,"alexscaves:archaic_vine_plant":1,"minecraft:furnace":1,"minecraft:iron_ore":17,"alexscaves:amber_monolith":3,"alexscaves:fiddlehead":10,"minecraft:grass":2,"minecraft:oak_log":8,"minecraft:coal_ore":42,"alexscaves:cycad":6,"alexscaves:ambersol":1,"alexscaves:curly_fern":2,"minecraft:stone":19,"minecraft:oak_leaves":7,"minecraft:fern":2},"minecraft:crafted":{"minecraft:oak_planks":32,"minecraft:rabbit_stew":10,"minecraft:cooked_porkchop":10,"minecraft:crafting_table":1,"minecraft:wooden_pickaxe":1,"minecraft:bowl":4,"minecraft:furnace":1,"alexscaves:pewen_planks":16,"minecraft:stone_axe":1,"minecraft:air":0,"minecraft:iron_chestplate":1,"alexscaves:serene_salad":5,"minecraft:stick":20,"minecraft:iron_ingot":17,"minecraft:iron_pickaxe":1,"minecraft:stone_pickaxe":1,"minecraft:wooden_axe":1,"minecraft:iron_leggings":1,"alexscaves:primitive_club":2,"minecraft:torch":40},"minecraft:custom":{"minecraft:interact_with_furnace":12,"minecraft:mob_kills":10,"minecraft:traded_with_villager":12,"minecraft:interact_with_crafting_table":11,"minecraft:open_barrel":8,"minecraft:leave_game":1,"minecraft:time_since_death":46769,"minecraft:sleep_in_bed":2,"minecraft:climb_one_cm":61,"minecraft:time_since_rest":16119,"minecraft:sprint_one_cm":277999,"minecraft:damage_taken":728,"minecraft:walk_one_cm":139863,"minecraft:drop":39,"minecraft:damage_dealt":3998,"minecraft:talked_to_villager":3,"minecraft:swim_one_cm":8116,"minecraft:fly_one_cm":436797,"minecraft:open_chest":12,"minecraft:crouch_one_cm":3813,"minecraft:play_time":46769,"minecraft:sneak_time":711,"minecraft:walk_under_water_one_cm":4871,"minecraft:jump":1647,"minecraft:walk_on_water_one_cm":15800,"minecraft:total_world_time":46769,"minecraft:fall_one_cm":57596},"minecraft:picked_up":{"minecraft:wooden_axe":1,"alexscaves:pewen_log":26,"minecraft:crafting_table":4,"alexscaves:tough_hide":5,"minecraft:oak_log":8,"alexscaves:ambersol":1,"minecraft:red_bed":2,"alexscaves:fiddlehead":10,"alexscaves:amber":58,"alexscaves:pewen_sapling":17,"minecraft:armor_stand":1,"alexscaves:dinosaur_chop":1,"minecraft:apple":1,"minecraft:wheat_seeds":6,"alexscaves:curly_fern":4,"minecraft:glass_bottle":2,"alexscaves:amber_monolith":3,"minecraft:moss_block":1,"minecraft:furnace":1,"minecraft:stick":19,"minecraft:raw_iron":17,"alexscaves:cycad":6,"patchouli:guide_book":1,"minecraft:torch":6,"minecraft:bowl":1,"alexscaves:amber_curiosity":3,"alexscaves:heavy_bone":2,"alexscaves:tree_star":9,"minecraft:pointed_dripstone":3,"alexsmobs:animal_dictionary":1,"minecraft:spider_eye":1,"minecraft:rotten_flesh":1,"alexscaves:pewen_wood":4,"alexscaves:pine_nuts":17,"minecraft:oak_sapling":6,"minecraft:coal":51,"minecraft:cobblestone":22,"alexscaves:ancient_sapling":1}},"DataVersion":3465}