{"stats":{"minecraft:custom":{"minecraft:jump":194,"minecraft:open_chest":10,"minecraft:time_since_rest":7364,"minecraft:leave_game":1,"minecraft:interact_with_furnace":1,"minecraft:crouch_one_cm":48,"minecraft:walk_on_water_one_cm":702,"minecraft:sprint_one_cm":35949,"minecraft:play_time":7364,"minecraft:damage_taken":20,"minecraft:time_since_death":7364,"minecraft:walk_one_cm":10792,"minecraft:sneak_time":50,"minecraft:climb_one_cm":36,"minecraft:total_world_time":7364,"minecraft:fall_one_cm":3599,"minecraft:fly_one_cm":49147,"minecraft:open_barrel":6},"minecraft:used":{"minecraft:bread":2}},"DataVersion":3465}