{"stats":{"minecraft:dropped":{"minecraft:bowl":1,"patchouli:guide_book":2,"minecraft:potion":1},"minecraft:used":{"minecraft:rabbit_stew":1,"minecraft:crafting_table":1,"minecraft:bread":2},"minecraft:mined":{"minecraft:oak_log":4,"minecraft:red_bed":1},"minecraft:crafted":{"minecraft:oak_planks":16,"minecraft:rabbit_stew":10,"minecraft:cooked_porkchop":10,"minecraft:crafting_table":1,"minecraft:stick":8,"minecraft:wooden_pickaxe":1,"minecraft:air":0,"minecraft:wooden_axe":1},"minecraft:custom":{"minecraft:open_barrel":8,"minecraft:time_since_rest":10769,"minecraft:open_chest":12,"minecraft:crouch_one_cm":48,"minecraft:sprint_one_cm":57858,"minecraft:interact_with_furnace":1,"minecraft:play_time":10769,"minecraft:damage_taken":28,"minecraft:walk_one_cm":19577,"minecraft:sneak_time":50,"minecraft:drop":4,"minecraft:jump":275,"minecraft:leave_game":1,"minecraft:walk_on_water_one_cm":702,"minecraft:time_since_death":10769,"minecraft:climb_one_cm":36,"minecraft:traded_with_villager":12,"minecraft:total_world_time":10769,"minecraft:interact_with_crafting_table":1,"minecraft:talked_to_villager":3,"minecraft:fall_one_cm":8953,"minecraft:fly_one_cm":75147},"minecraft:picked_up":{"minecraft:oak_log":4,"minecraft:red_bed":1}},"DataVersion":3465}