{"stats":{"minecraft:dropped":{"minecraft:wheat_seeds":6,"minecraft:bowl":4,"alexscaves:curly_fern":2,"minecraft:pointed_dripstone":3,"minecraft:rotten_flesh":1,"alexscaves:ambersol":1,"patchouli:guide_book":2,"minecraft:wooden_axe":2,"minecraft:oak_sapling":6,"minecraft:potion":1,"minecraft:stone_pickaxe":1,"minecraft:wooden_pickaxe":1,"alexscaves:cycad":1},"minecraft:killed":{"minecraft:slime":1,"alexsmobs:murmur_head":1,"alexsmobs:rocky_roller":1,"alexscaves:vallumraptor":2},"minecraft:used":{"minecraft:water_bucket":4,"minecraft:stone_pickaxe":48,"minecraft:wooden_pickaxe":3,"minecraft:iron_chestplate":1,"minecraft:torch":28,"minecraft:crafting_table":3,"minecraft:red_bed":1,"alexscaves:curly_fern":1,"minecraft:wooden_axe":26,"minecraft:bread":2,"minecraft:iron_pickaxe":68,"alexscaves:cycad":1,"minecraft:rabbit_stew":3,"minecraft:stone_axe":11,"minecraft:cobblestone":1,"minecraft:furnace":1,"minecraft:bucket":4,"minecraft:cooked_beef":6,"minecraft:iron_leggings":1},"minecraft:mined":{"create:deepslate_zinc_ore":1,"alexscaves:amber":35,"minecraft:red_bed":2,"minecraft:crafting_table":3,"alexscaves:tree_star":4,"minecraft:cobblestone":1,"minecraft:large_fern":1,"alexscaves:archaic_vine_plant":1,"minecraft:furnace":1,"minecraft:iron_ore":17,"minecraft:grass":1,"minecraft:oak_log":8,"minecraft:coal_ore":42,"alexscaves:cycad":2,"alexscaves:ambersol":1,"alexscaves:curly_fern":1,"minecraft:stone":19,"minecraft:oak_leaves":7,"minecraft:fern":1},"minecraft:crafted":{"minecraft:oak_planks":32,"minecraft:rabbit_stew":10,"minecraft:cooked_porkchop":10,"minecraft:crafting_table":1,"minecraft:wooden_pickaxe":1,"minecraft:furnace":1,"minecraft:stone_axe":1,"minecraft:air":0,"minecraft:iron_chestplate":1,"minecraft:stick":20,"minecraft:iron_ingot":17,"minecraft:iron_pickaxe":1,"minecraft:stone_pickaxe":1,"minecraft:wooden_axe":1,"minecraft:iron_leggings":1,"minecraft:torch":40},"minecraft:custom":{"minecraft:interact_with_furnace":12,"minecraft:mob_kills":5,"minecraft:traded_with_villager":12,"minecraft:interact_with_crafting_table":7,"minecraft:open_barrel":8,"minecraft:leave_game":1,"minecraft:time_since_death":28769,"minecraft:sleep_in_bed":1,"minecraft:climb_one_cm":61,"minecraft:time_since_rest":5993,"minecraft:sprint_one_cm":193546,"minecraft:damage_taken":437,"minecraft:walk_one_cm":74319,"minecraft:drop":24,"minecraft:damage_dealt":1006,"minecraft:talked_to_villager":3,"minecraft:swim_one_cm":8116,"minecraft:fly_one_cm":279055,"minecraft:open_chest":12,"minecraft:crouch_one_cm":3530,"minecraft:play_time":28769,"minecraft:sneak_time":508,"minecraft:walk_under_water_one_cm":4871,"minecraft:jump":1061,"minecraft:walk_on_water_one_cm":15342,"minecraft:total_world_time":28769,"minecraft:fall_one_cm":36785},"minecraft:picked_up":{"minecraft:wooden_axe":1,"minecraft:crafting_table":3,"minecraft:oak_log":8,"alexscaves:ambersol":1,"minecraft:red_bed":2,"alexscaves:amber":33,"minecraft:apple":1,"minecraft:wheat_seeds":6,"alexscaves:curly_fern":3,"minecraft:furnace":1,"minecraft:stick":3,"minecraft:raw_iron":17,"alexscaves:cycad":2,"minecraft:bowl":1,"alexscaves:amber_curiosity":1,"alexscaves:tree_star":4,"minecraft:pointed_dripstone":3,"minecraft:rotten_flesh":1,"minecraft:oak_sapling":6,"minecraft:coal":51,"minecraft:cobblestone":22}},"DataVersion":3465}