{"stats":{"minecraft:dropped":{"minecraft:bowl":4,"minecraft:pointed_dripstone":3,"minecraft:rotten_flesh":1,"patchouli:guide_book":2,"minecraft:wooden_axe":2,"minecraft:oak_sapling":6,"minecraft:potion":1,"minecraft:stone_pickaxe":1,"minecraft:wooden_pickaxe":1},"minecraft:killed":{"minecraft:slime":1,"alexsmobs:murmur_head":1,"alexsmobs:rocky_roller":1},"minecraft:used":{"minecraft:water_bucket":2,"minecraft:stone_pickaxe":48,"minecraft:wooden_pickaxe":3,"minecraft:iron_chestplate":1,"minecraft:torch":26,"minecraft:crafting_table":3,"minecraft:red_bed":1,"minecraft:wooden_axe":26,"minecraft:bread":2,"minecraft:iron_pickaxe":31,"minecraft:rabbit_stew":3,"minecraft:stone_axe":5,"minecraft:cobblestone":1,"minecraft:furnace":1,"minecraft:bucket":1,"minecraft:cooked_beef":2,"minecraft:iron_leggings":1},"minecraft:mined":{"create:deepslate_zinc_ore":1,"minecraft:red_bed":1,"minecraft:crafting_table":3,"minecraft:cobblestone":1,"minecraft:furnace":1,"minecraft:iron_ore":17,"minecraft:grass":1,"minecraft:oak_log":8,"minecraft:coal_ore":42,"minecraft:stone":19,"minecraft:oak_leaves":7,"minecraft:fern":1},"minecraft:crafted":{"minecraft:oak_planks":32,"minecraft:rabbit_stew":10,"minecraft:cooked_porkchop":10,"minecraft:crafting_table":1,"minecraft:wooden_pickaxe":1,"minecraft:furnace":1,"minecraft:stone_axe":1,"minecraft:air":0,"minecraft:iron_chestplate":1,"minecraft:stick":20,"minecraft:iron_ingot":17,"minecraft:iron_pickaxe":1,"minecraft:stone_pickaxe":1,"minecraft:wooden_axe":1,"minecraft:iron_leggings":1,"minecraft:torch":40},"minecraft:custom":{"minecraft:interact_with_furnace":12,"minecraft:mob_kills":3,"minecraft:traded_with_villager":12,"minecraft:interact_with_crafting_table":7,"minecraft:open_barrel":8,"minecraft:leave_game":1,"minecraft:time_since_death":22769,"minecraft:sleep_in_bed":1,"minecraft:climb_one_cm":36,"minecraft:time_since_rest":0,"minecraft:sprint_one_cm":140164,"minecraft:damage_taken":256,"minecraft:walk_one_cm":54735,"minecraft:drop":18,"minecraft:damage_dealt":515,"minecraft:talked_to_villager":3,"minecraft:swim_one_cm":4335,"minecraft:fly_one_cm":146740,"minecraft:open_chest":12,"minecraft:crouch_one_cm":2463,"minecraft:play_time":22769,"minecraft:sneak_time":303,"minecraft:walk_under_water_one_cm":3250,"minecraft:jump":659,"minecraft:walk_on_water_one_cm":5587,"minecraft:total_world_time":22769,"minecraft:fall_one_cm":21387},"minecraft:picked_up":{"minecraft:wooden_axe":1,"minecraft:crafting_table":3,"minecraft:oak_log":8,"minecraft:red_bed":1,"minecraft:apple":1,"minecraft:furnace":1,"minecraft:stick":3,"minecraft:raw_iron":17,"minecraft:bowl":1,"minecraft:pointed_dripstone":3,"minecraft:rotten_flesh":1,"minecraft:oak_sapling":6,"minecraft:coal":51,"minecraft:cobblestone":22}},"DataVersion":3465}