{
  "minecraft:recipes/misc/charcoal": {
    "criteria": {
      "has_log": "2024-10-30 02:51:28 +0000"
    },
    "done": true
  },
  "minecraft:recipes/decorations/crafting_table": {
    "criteria": {
      "unlock_right_away": "2024-10-30 02:51:05 +0000"
    },
    "done": true
  },
  "minecraft:adventure/root": {
    "criteria": {
      "killed_by_something": "2024-10-30 03:03:46 +0000"
    },
    "done": true
  },
  "minecraft:recipes/building_blocks/oak_planks": {
    "criteria": {
      "has_logs": "2024-10-30 02:51:28 +0000"
    },
    "done": true
  },
  "minecraft:adventure/adventuring_time": {
    "criteria": {
      "minecraft:river": "2024-10-30 02:55:55 +0000",
      "minecraft:forest": "2024-10-30 02:51:07 +0000"
    },
    "done": false
  },
  "minecraft:recipes/building_blocks/oak_wood": {
    "criteria": {
      "has_log": "2024-10-30 02:51:28 +0000"
    },
    "done": true
  },
  "DataVersion": 3465
}